Date,SPX,GLD,USO,SLV,EUR/USD
1/13/2016,1890.280029,104.720001,9.09,13.49,1.084399
1/14/2016,1921.839966,103.019997,9.23,13.19,1.088601
1/15/2016,1880.329956,104.080002,8.79,13.24,1.085894
1/19/2016,1881.329956,103.980003,8.49,13.36,1.089503
1/20/2016,1859.329956,105.370003,8.24,13.48,1.091298
1/21/2016,1868.98999,105.489998,8.56,13.46,1.087701
1/22/2016,1906.900024,105,9.27,13.38,1.086201
1/25/2016,1877.079956,106.080002,8.54,13.58,1.079902
1/26/2016,1903.630005,107.290001,8.97,13.82,1.085305
1/27/2016,1882.949951,107.690002,9.18,13.81,1.086496
1/28/2016,1893.359985,106.540001,9.7,13.57,1.090798
1/29/2016,1940.23999,106.949997,9.65,13.59,1.093697
02/01/2016,1939.380005,108.050003,9.02,13.67,1.082591
02/02/2016,1903.030029,108.089996,8.57,13.62,1.089728
02/03/2016,1912.530029,109.25,9.34,13.95,1.092204
02/04/2016,1915.449951,110.57,9.12,14.17,1.109102
02/05/2016,1880.050049,112.32,8.91,14.34,1.119996
02/08/2016,1853.439941,113.830002,8.64,14.59,1.114504
02/09/2016,1852.209961,113.580002,8.18,14.51,1.118981
02/10/2016,1851.859985,114.459999,7.96,14.55,1.128999
02/11/2016,1829.079956,119.059998,7.99,14.95,1.128095
02/12/2016,1864.780029,118.360001,8.33,14.99,1.131798
2/16/2016,1895.579956,114.769997,8.31,14.51,1.117406
2/17/2016,1926.819946,115.480003,8.78,14.54,1.114703
2/18/2016,1917.829956,118.290001,8.66,14.76,1.112298
2/19/2016,1917.780029,117.580002,8.55,14.64,1.111099
2/22/2016,1945.5,115.489998,8.91,14.43,1.112397
2/23/2016,1921.27002,117.220001,8.48,14.54,1.102803
2/24/2016,1929.800049,117.610001,8.59,14.52,1.102706
2/25/2016,1951.699951,117.919998,8.8,14.41,1.101394
2/26/2016,1948.050049,117.110001,8.78,14.02,1.102499
2/29/2016,1932.22998,118.639999,9,14.2,1.092395
03/01/2016,1978.349976,117.769997,9.15,14.17,1.088898
03/02/2016,1986.449951,118.68,9.3,14.25,1.087595
03/03/2016,1993.400024,120.730003,9.25,14.5,1.086897
03/04/2016,1999.98999,120.540001,9.65,14.76,1.094895
03/07/2016,2001.76001,121.139999,10.11,14.9,1.099396
03/08/2016,1979.26001,120.580002,9.65,14.62,1.101601
03/09/2016,1989.26001,119.580002,10.15,14.53,1.100401
03/10/2016,1989.569946,121.5,10.04,14.82,1.098901
03/11/2016,2022.189941,119.410004,10.19,14.72,1.117843
3/14/2016,2019.640015,117.870003,9.88,14.58,1.116794
3/15/2016,2015.930054,117.959999,9.7,14.54,1.110198
3/16/2016,2027.219971,120.589996,10.18,14.87,1.110901
3/17/2016,2040.589966,120.129997,10.55,15.16,1.121894
3/18/2016,2049.580078,119.800003,10.48,15.03,1.131798
3/21/2016,2051.600098,118.959999,10.59,15.06,1.127904
3/22/2016,2049.800049,119.309998,10.54,15.12,1.123595
3/23/2016,2036.709961,116.610001,10.11,14.51,1.122297
3/24/2016,2035.939941,116.330002,10.06,14.43,1.118105
3/28/2016,2037.050049,116.599998,10.01,14.46,1.120272
3/29/2016,2055.01001,118.760002,9.8,14.6,1.129203
3/30/2016,2063.949951,117.099998,9.73,14.49,1.133466
3/31/2016,2059.73999,117.639999,9.7,14.68,1.137967
04/04/2016,2066.129883,116.150002,9.08,14.2,1.1389
04/05/2016,2045.170044,117.660004,9.13,14.42,1.1382
04/06/2016,2066.659912,116.940002,9.6,14.34,1.140498
04/07/2016,2041.910034,118.610001,9.51,14.48,1.137398
04/11/2016,2041.98999,120.029999,10.28,15.14,1.141292
04/12/2016,2061.719971,120.050003,10.64,15.41,1.138498
4/13/2016,2082.419922,118.769997,10.51,15.44,1.127904
4/14/2016,2082.780029,117.110001,10.48,15.34,1.127002
4/18/2016,2094.340088,117.739998,10.17,15.42,1.130902
4/19/2016,2100.800049,119.580002,10.44,16.120001,1.135963
4/20/2016,2102.399902,118.970001,10.76,16.139999,1.130506
4/21/2016,2091.47998,119.419998,10.72,16.209999,1.129203
4/25/2016,2087.790039,118.230003,10.55,16.17,1.1269
4/26/2016,2091.699951,118.699997,10.81,16.290001,1.129905
4/27/2016,2095.149902,119.040001,11.14,16.379999,1.132901
4/28/2016,2075.810059,121.290001,11.22,16.77,1.135589
05/02/2016,2081.429932,123.239998,11.05,16.639999,1.152499
05/03/2016,2063.370117,122.959999,10.74,16.57,1.150404
05/04/2016,2051.120117,122.209999,10.79,16.49,1.149306
05/05/2016,2050.629883,122.07,10.9,16.51,1.140602
05/09/2016,2058.689941,120.650002,10.68,16.120001,1.138797
05/10/2016,2084.389893,120.980003,10.99,16.280001,1.137436
05/11/2016,2064.459961,122.120003,11.34,16.559999,1.1427
05/12/2016,2064.110107,121.160004,11.45,16.219999,1.137695
5/16/2016,2066.659912,121.800003,11.76,16.32,1.131606
5/17/2016,2047.209961,122.220001,11.92,16.41,1.131606
5/18/2016,2047.630005,120.099998,11.7,16,1.122297
5/19/2016,2040.040039,119.870003,11.79,15.67,1.120599
5/23/2016,2048.040039,119.370003,11.66,15.59,1.121604
5/24/2016,2076.060059,117.300003,11.82,15.42,1.113797
5/25/2016,2090.540039,116.980003,12.03,15.5,1.115897
5/26/2016,2090.100098,116.580002,11.95,15.53,1.119207
5/31/2016,2096.949951,116.059998,11.87,15.19,1.113598
06/01/2016,2099.330078,115.940002,11.93,15.17,1.118906
06/02/2016,2105.26001,115.669998,11.86,15.22,1.1152
06/06/2016,2109.409912,118.919998,12.04,15.68,1.136402
06/07/2016,2112.129883,118.82,12.22,15.6,1.135783
06/08/2016,2119.120117,120.580002,12.43,16.209999,1.140706
06/09/2016,2115.47998,121.25,12.25,16.469999,1.131503
6/13/2016,2079.060059,122.639999,11.76,16.58,1.129102
6/14/2016,2075.320068,122.769997,11.73,16.540001,1.121302
6/15/2016,2071.5,123.68,11.47,16.690001,1.126266
6/16/2016,2077.98999,122.379997,11.14,16.309999,1.125201
6/20/2016,2083.25,123.209999,11.91,16.65,1.132298
6/21/2016,2088.899902,120.839996,11.89,16.379999,1.125062
6/22/2016,2085.449951,120.900002,11.74,16.42,1.132824
6/23/2016,2113.320068,120.110001,11.98,16.49,1.1324
6/27/2016,2000.540039,126.68,11.19,16.870001,1.101503
6/28/2016,2036.089966,125.32,11.47,16.91,1.107395
6/29/2016,2070.77002,125.839996,11.79,17.370001,1.112805
6/30/2016,2098.860107,126.470001,11.57,17.860001,1.110605
07/05/2016,2088.550049,129.470001,11.18,18.98,1.106501
07/06/2016,2099.72998,130.229996,11.33,19.1,1.109903
07/07/2016,2097.899902,129.740005,10.82,18.709999,1.106574
07/11/2016,2137.159912,129.289993,10.65,19.299999,1.105803
07/12/2016,2152.139893,127.150002,11.19,19.09,1.106293
7/13/2016,2152.429932,128.320007,10.75,19.389999,1.109496
7/14/2016,2163.75,127.330002,10.87,19.25,1.110605
7/18/2016,2166.889893,127.040001,10.82,19.1,1.107187
7/19/2016,2163.780029,127.209999,10.7,18.92,1.101358
7/20/2016,2173.02002,125.389999,10.73,18.42,1.101953
7/21/2016,2165.169922,127.300003,10.49,18.879999,1.10329
7/25/2016,2168.47998,125.470001,10.13,18.540001,1.099118
7/26/2016,2169.179932,126,10.08,18.66,1.09878
7/27/2016,2166.580078,128.029999,9.9,19.370001,1.107346
7/28/2016,2170.060059,127.660004,9.67,19.209999,1.108438
08/01/2016,2170.840088,129.220001,9.41,19.43,1.116807
08/02/2016,2157.030029,130.270004,9.33,19.6,1.121906
08/03/2016,2163.790039,129.649994,9.69,19.379999,1.11515
08/04/2016,2164.25,129.869995,9.84,19.35,1.113474
08/08/2016,2180.889893,127.440002,10.1,18.74,1.108365
08/09/2016,2181.73999,127.959999,10.07,18.870001,1.11158
08/10/2016,2175.48999,128.559998,9.77,19.16,1.118643
08/11/2016,2185.790039,127.669998,10.21,18.959999,1.113908
8/15/2016,2190.149902,127.839996,10.76,18.83,1.118406
8/16/2016,2178.149902,128.470001,10.92,18.82,1.127599
8/17/2016,2182.219971,128.5,10.99,18.68,1.129892
8/18/2016,2187.02002,129.110001,11.3,18.77,1.134945
8/22/2016,2182.639893,127.779999,10.97,17.969999,1.131926
8/23/2016,2186.899902,127.760002,11.09,17.93,1.130084
8/24/2016,2175.439941,126.339996,10.82,17.620001,1.12638
8/25/2016,2172.469971,126.230003,10.95,17.629999,1.12905
8/29/2016,2180.379883,126.300003,10.85,17.9,1.119282
8/30/2016,2176.120117,125.029999,10.73,17.67,1.115324
8/31/2016,2170.949951,124.779999,10.36,17.719999,1.116071
09/01/2016,2170.860107,125.290001,10.06,17.940001,1.120072
09/06/2016,2186.47998,128.710007,10.39,19.049999,1.125366
09/07/2016,2186.159912,128.270004,10.52,18.780001,1.124101
09/08/2016,2181.300049,127.589996,10.96,18.620001,1.127142
09/12/2016,2159.040039,126.589996,10.64,18.17,1.124354
9/13/2016,2127.02002,125.75,10.37,17.93,1.121869
9/14/2016,2125.77002,126.18,10.09,18.02,1.124733
9/15/2016,2147.26001,125.370003,10.14,18.040001,1.124594
9/19/2016,2139.120117,125.32,9.98,18.200001,1.118068
9/20/2016,2139.76001,125.440002,10.07,18.27,1.115399
9/21/2016,2163.120117,127.269997,10.4,18.85,1.119319
9/22/2016,2177.179932,127.57,10.53,18.9,1.121013
9/26/2016,2146.100098,127.550003,10.43,18.41,1.124986
9/27/2016,2159.929932,126.620003,10.15,18.17,1.121957
9/28/2016,2171.370117,126.220001,10.65,18.209999,1.122498
9/29/2016,2151.129883,126.07,10.87,18.110001,1.121957
10/03/2016,2161.199951,125.32,11.1,17.870001,1.121039
10/04/2016,2150.48999,120.970001,11.09,16.940001,1.121076
10/05/2016,2159.72998,120.779999,11.35,16.85,1.120825
10/06/2016,2160.77002,119.660004,11.51,16.440001,1.114455
10/10/2016,2163.659912,120.160004,11.67,16.73,1.114082
10/11/2016,2136.72998,119.550003,11.58,16.559999,1.106195
10/12/2016,2139.179932,119.739998,11.43,16.65,1.101188
10/13/2016,2132.550049,120.029999,11.49,16.610001,1.104972
10/17/2016,2126.5,119.68,11.37,16.57,1.101564
10/18/2016,2139.600098,120.419998,11.45,16.719999,1.097695
10/19/2016,2144.290039,121.110001,11.66,16.790001,1.097514
10/20/2016,2141.340088,120.739998,11.43,16.639999,1.09304
10/24/2016,2151.330078,120.559998,11.43,16.700001,1.087548
10/25/2016,2143.159912,121.470001,11.24,16.860001,1.088732
10/26/2016,2139.429932,120.790001,11.09,16.709999,1.091203
10/27/2016,2133.040039,121.010002,11.21,16.73,1.090037
10/31/2016,2126.149902,121.940002,10.53,16.969999,1.098467
11/01/2016,2111.719971,122.730003,10.57,17.41,1.097333
11/02/2016,2097.939941,123.639999,10.28,17.559999,1.105705
11/03/2016,2088.659912,124.300003,10.08,17.42,1.109755
11/04/2016,2085.179932,124.389999,9.98,17.459999,1.110248
11/07/2016,2131.52002,122.150002,10.16,17.290001,1.110124
11/08/2016,2139.560059,121.639999,10.1,17.4,1.105217
11/09/2016,2163.26001,121.559998,10.28,17.450001,1.101904
11/10/2016,2167.47998,119.75,10.04,17.559999,1.092061
11/11/2016,2164.449951,117.099998,9.77,16.469999,1.088969
11/14/2016,2164.199951,116.110001,9.87,16,1.082485
11/15/2016,2180.389893,117.120003,10.34,16.190001,1.075038
11/16/2016,2176.939941,116.769997,10.23,16.09,1.072731
11/17/2016,2187.120117,116.169998,10.13,15.84,1.070664
11/18/2016,2181.899902,115.150002,10.32,15.73,1.062304
11/21/2016,2198.179932,115.580002,10.77,15.72,1.058425
11/22/2016,2202.939941,115.540001,10.63,15.8,1.063886
11/23/2016,2204.719971,113.25,10.67,15.52,1.063377
11/25/2016,2213.350098,112.610001,10.33,15.63,1.056189
11/28/2016,2201.719971,113.800003,10.44,15.77,1.061233
11/29/2016,2204.659912,113.269997,10.06,15.78,1.062135
11/30/2016,2198.810059,111.75,10.93,15.66,1.064849
12/01/2016,2191.080078,111.540001,11.33,15.66,1.05921
12/02/2016,2191.949951,112.139999,11.48,15.83,1.066314
12/05/2016,2204.709961,111.540001,11.35,15.88,1.058201
12/06/2016,2212.22998,111.43,11.29,15.85,1.075732
12/07/2016,2241.350098,111.830002,11.09,16.23,1.072041
12/08/2016,2246.189941,111.57,11.31,16.139999,1.076195
12/09/2016,2259.530029,110.400002,11.44,15.97,1.062135
12/12/2016,2256.959961,110.82,11.62,16.190001,1.054741
12/13/2016,2271.719971,110.449997,11.73,16.040001,1.064169
12/14/2016,2253.280029,108.830002,11.32,15.93,1.062925
12/15/2016,2262.030029,107.339996,11.36,15.18,1.051414
12/16/2016,2258.070068,108.050003,11.55,15.27,1.041884
12/19/2016,2262.530029,108.589996,11.5,15.17,1.044998
12/20/2016,2270.76001,107.790001,11.62,15.24,1.040583
12/21/2016,2265.179932,107.849998,11.44,15.12,1.039047
12/22/2016,2260.959961,107.589996,11.46,14.98,1.042862
12/23/2016,2263.790039,107.93,11.56,14.91,1.043765
12/27/2016,2268.879883,108.559998,11.73,15.13,1.045697
12/28/2016,2249.919922,108.860001,11.75,15.2,1.046233
12/29/2016,2249.26001,110.290001,11.72,15.32,1.041699
12/30/2016,2238.830078,109.610001,11.72,15.11,1.05753
01/03/2017,2257.830078,110.470001,11.44,15.44,1.046003
01/04/2017,2270.75,110.860001,11.58,15.58,1.041992
01/05/2017,2269,112.580002,11.7,15.76,1.050089
01/06/2017,2276.97998,111.75,11.68,15.64,1.060592
01/09/2017,2268.899902,112.669998,11.31,15.7,1.053186
01/10/2017,2268.899902,113.150002,11.07,15.91,1.058862
01/11/2017,2275.320068,113.5,11.37,15.87,1.055242
01/12/2017,2270.439941,113.910004,11.54,15.91,1.059771
1/13/2017,2274.639893,114.209999,11.41,15.94,1.061684
1/17/2017,2267.889893,115.849998,11.43,16.280001,1.060299
1/18/2017,2271.889893,114.870003,11.16,16.190001,1.069679
1/19/2017,2263.689941,114.769997,11.17,16.120001,1.062778
1/20/2017,2271.310059,115.050003,11.39,16.190001,1.065973
1/23/2017,2265.199951,115.790001,11.32,16.290001,1.071375
1/24/2017,2280.070068,115.269997,11.37,16.219999,1.076079
1/25/2017,2298.370117,114.32,11.31,16.1,1.072869
1/26/2017,2296.679932,113.260002,11.53,15.93,1.075199
1/27/2017,2294.689941,113.489998,11.4,16.219999,1.068296
1/30/2017,2280.899902,113.970001,11.28,16.23,1.071398
1/31/2017,2278.870117,115.550003,11.32,16.629999,1.070859
02/01/2017,2279.550049,115.199997,11.48,16.610001,1.08038
02/02/2017,2280.850098,115.839996,11.51,16.559999,1.076739
02/03/2017,2297.419922,116.129997,11.54,16.57,1.076171
02/06/2017,2292.560059,117.699997,11.38,16.82,1.078295
02/07/2017,2293.080078,117.459999,11.19,16.790001,1.074322
02/08/2017,2294.669922,118.190002,11.23,16.84,1.067806
02/09/2017,2307.870117,117.290001,11.35,16.75,1.069221
02/10/2017,2316.100098,117.599998,11.5,17.02,1.065859
2/13/2017,2328.25,116.800003,11.32,16.889999,1.061954
2/14/2017,2337.580078,116.93,11.38,17.01,1.05985
2/15/2017,2349.25,117.449997,11.36,17.040001,1.057832
2/16/2017,2347.219971,118.080002,11.41,17.15,1.060738
2/17/2017,2351.159912,117.68,11.39,17.059999,1.067225
2/21/2017,2365.379883,117.75,11.54,17.030001,1.06094
2/22/2017,2362.820068,117.910004,11.36,17.110001,1.054207
2/23/2017,2363.810059,118.940002,11.53,17.24,1.055409
2/24/2017,2367.340088,119.699997,11.46,17.4,1.058447
2/27/2017,2369.75,119.120003,11.47,17.27,1.055275
2/28/2017,2363.639893,119.230003,11.45,17.370001,1.058425
03/01/2017,2395.959961,119.059998,11.4,17.440001,1.056915
03/02/2017,2381.919922,117.580002,11.17,16.799999,1.053585
03/03/2017,2383.120117,117.510002,11.29,16.98,1.050972
03/06/2017,2375.310059,116.720001,11.28,16.83,1.062045
03/07/2017,2368.389893,115.779999,11.27,16.549999,1.057921
03/08/2017,2362.97998,115.059998,10.67,16.32,1.057015
03/09/2017,2364.870117,114.470001,10.53,16.059999,1.054741
03/10/2017,2372.600098,114.720001,10.29,16.15,1.057843
3/13/2017,2373.469971,114.739998,10.28,16.07,1.069004
3/14/2017,2365.449951,114.120003,10.19,15.99,1.065144
3/15/2017,2385.26001,116.25,10.38,16.43,1.061244
3/16/2017,2381.379883,116.730003,10.36,16.4,1.073791
3/17/2017,2378.25,116.989998,10.33,16.469999,1.07747
3/20/2017,2373.469971,117.510002,10.27,16.5,1.074299
3/21/2017,2344.02002,118.540001,10.11,16.610001,1.073768
3/22/2017,2348.449951,118.830002,10.12,16.620001,1.081245
3/23/2017,2345.959961,118.669998,10.01,16.67,1.079016
3/24/2017,2343.97998,118.860001,10.09,16.809999,1.078388
3/27/2017,2341.590088,119.529999,10.04,17.15,1.086095
3/28/2017,2358.570068,119.040001,10.15,17.18,1.081771
3/29/2017,2361.129883,119.330002,10.37,17.25,1.075963
3/30/2017,2368.060059,118.470001,10.57,17.15,1.068707
04/03/2017,2358.840088,119.349998,10.55,17.24,1.067008
04/04/2017,2360.159912,119.620003,10.71,17.33,1.068034
04/05/2017,2352.949951,119.620003,10.68,17.32,1.067247
04/06/2017,2357.48999,119.18,10.86,17.26,1.064464
04/10/2017,2357.159912,119.459999,11.14,17,1.05976
04/11/2017,2353.780029,121.190002,11.17,17.309999,1.061132
04/12/2017,2344.929932,122.019997,11.11,17.459999,1.067065
4/13/2017,2328.949951,122.599998,11.13,17.530001,1.061639
4/17/2017,2349.01001,122.239998,11.06,17.43,1.064453
4/18/2017,2342.189941,122.82,11.04,17.34,1.072869
4/19/2017,2338.169922,121.730003,10.62,17.18,1.071501
4/20/2017,2355.840088,121.959999,10.54,17.059999,1.07149
4/24/2017,2374.149902,121.480003,10.25,16.98,1.086484
4/25/2017,2388.610107,120.25,10.36,16.68,1.092825
4/26/2017,2387.449951,120.839996,10.26,16.57,1.090893
4/27/2017,2388.77002,120.389999,10.24,16.370001,1.086425
05/01/2017,2388.330078,119.669998,10.15,15.99,1.090893
05/02/2017,2391.169922,119.650002,9.92,15.93,1.093565
05/03/2017,2388.129883,117.980003,9.93,15.59,1.088898
05/04/2017,2389.52002,116.790001,9.46,15.43,1.098153
05/08/2017,2399.379883,116.75,9.67,15.41,1.092777
05/09/2017,2396.919922,116.050003,9.57,15.3,1.088684
05/10/2017,2399.629883,116.040001,9.86,15.35,1.087075
05/11/2017,2394.439941,116.5,9.94,15.45,1.086496
5/15/2017,2402.320068,117.139999,10.17,15.75,1.098177
5/16/2017,2400.669922,117.650002,10.11,15.93,1.109398
5/17/2017,2357.030029,119.790001,10.19,16,1.115636
5/18/2017,2365.719971,118.809998,10.26,15.71,1.111358
5/22/2017,2394.02002,119.900002,10.54,16.23,1.123886
5/23/2017,2398.419922,119.139999,10.64,16.15,1.117931
5/24/2017,2404.389893,119.610001,10.6,16.280001,1.123091
5/25/2017,2415.070068,119.480003,10.04,16.23,1.121076
5/30/2017,2412.909912,120.139999,10.24,16.469999,1.117169
5/31/2017,2411.800049,120.620003,9.96,16.389999,1.124354
06/01/2017,2430.060059,120.720001,9.91,16.379999,1.121579
06/05/2017,2436.100098,121.730003,9.8,16.629999,1.125682
06/06/2017,2429.330078,123.099998,9.97,16.76,1.127142
06/07/2017,2433.139893,122.449997,9.46,16.65,1.125518
06/08/2017,2433.790039,121.650002,9.43,16.49,1.118481
06/12/2017,2429.389893,120.360001,9.52,16.040001,1.11962
6/13/2017,2440.350098,120.480003,9.6,15.95,1.120888
6/14/2017,2437.919922,119.82,9.23,15.95,1.121579
6/15/2017,2432.459961,119.32,9.18,15.88,1.114691
6/19/2017,2453.459961,118.43,9.12,15.61,1.114455
6/20/2017,2437.030029,118.18,8.95,15.59,1.113697
6/21/2017,2435.610107,118.519997,8.71,15.54,1.11672
6/22/2017,2434.5,118.919998,8.78,15.68,1.114964
6/26/2017,2439.070068,118.360001,8.93,15.68,1.118356
6/27/2017,2419.379883,118.809998,9.1,15.79,1.133915
6/28/2017,2440.689941,118.900002,9.2,15.92,1.138265
6/29/2017,2419.699951,118.32,9.21,15.73,1.144165
07/03/2017,2429.01001,116.089996,9.62,15.3,1.137139
07/05/2017,2432.540039,116.519997,9.25,15.18,1.134687
07/06/2017,2409.75,116.470001,9.31,15.15,1.142478
07/11/2017,2425.530029,115.620003,9.27,14.99,1.147394
07/12/2017,2443.25,116.029999,9.33,15.05,1.141891
7/13/2017,2447.830078,115.82,9.47,14.87,1.140394
7/17/2017,2459.139893,117.290001,9.45,15.22,1.147434
7/18/2017,2460.610107,118.110001,9.54,15.38,1.154974
7/19/2017,2473.830078,118.080002,9.69,15.4,1.152844
7/20/2017,2473.449951,118.239998,9.61,15.42,1.162872
7/24/2017,2469.909912,119.309998,9.5,15.58,1.163887
7/25/2017,2477.129883,118.919998,9.81,15.59,1.164456
7/26/2017,2477.830078,119.879997,9.96,15.75,1.1728
7/27/2017,2475.419922,119.790001,10.06,15.68,1.168866
7/31/2017,2470.300049,120.75,10.28,15.9,1.18241
08/01/2017,2476.350098,120.650002,10.09,15.79,1.181126
08/02/2017,2477.570068,120.400002,10.14,15.67,1.185115
08/03/2017,2472.159912,120.589996,10.02,15.72,1.188495
08/07/2017,2480.909912,119.510002,10.1,15.33,1.180094
08/08/2017,2474.919922,119.860001,10.06,15.56,1.175461
08/09/2017,2474.02002,121.309998,10.15,15.98,1.176152
08/10/2017,2438.209961,122.209999,9.91,16.18,1.177024
8/14/2017,2465.840088,121.919998,9.72,16.129999,1.177579
8/15/2017,2464.610107,120.980003,9.75,15.74,1.174122
8/16/2017,2468.110107,121.870003,9.57,16.15,1.177426
8/17/2017,2430.01001,122.489998,9.62,16.120001,1.17155
8/21/2017,2428.370117,122.760002,9.71,16.07,1.181195
8/22/2017,2452.51001,122.209999,9.77,16.07,1.176221
8/23/2017,2444.040039,122.669998,9.88,16.15,1.181656
8/24/2017,2438.969971,122.290001,9.71,16.030001,1.18022
8/28/2017,2444.23999,124.690002,9.53,16.5,1.196387
8/29/2017,2446.300049,124.419998,9.46,16.42,1.197046
8/30/2017,2457.590088,124.360001,9.38,16.459999,1.189343
8/31/2017,2471.649902,125.82,9.63,16.65,1.191043
09/05/2017,2457.850098,127.459999,9.92,16.91,1.192407
09/06/2017,2465.540039,126.809998,10.04,16.870001,1.192777
09/07/2017,2465.100098,128.130005,10.03,17.1,1.202906
09/11/2017,2488.110107,126.190002,9.82,16.77,1.195943
09/12/2017,2496.47998,126.559998,9.87,16.889999,1.197461
9/13/2017,2498.370117,125.610001,10.07,16.76,1.189061
9/14/2017,2495.620117,126.160004,10.13,16.77,1.192165
9/18/2017,2503.870117,124.360001,10.17,16.27,1.195929
9/19/2017,2506.649902,124.620003,10.11,16.360001,1.199256
9/20/2017,2508.23999,123.620003,10.24,16.190001,1.187211
9/21/2017,2500.600098,122.68,10.25,16.030001,1.194558
9/25/2017,2496.659912,124.529999,10.55,16.209999,1.185565
9/26/2017,2496.840088,123.139999,10.49,15.91,1.178606
9/27/2017,2507.040039,121.980003,10.52,15.83,1.174964
9/28/2017,2510.060059,122.209999,10.43,15.92,1.178175
10/02/2017,2529.120117,120.769997,10.21,15.67,1.173378
10/03/2017,2534.580078,120.830002,10.18,15.71,1.174757
10/04/2017,2537.73999,121.169998,10.08,15.69,1.175724
10/05/2017,2552.070068,120.519997,10.25,15.69,1.171234
10/09/2017,2544.72998,122.080002,10,16.02,1.174164
10/10/2017,2550.639893,122.400002,10.28,16.15,1.181488
10/11/2017,2555.23999,122.790001,10.36,16.25,1.186549
10/12/2017,2550.929932,122.889999,10.23,16.26,1.18318
10/16/2017,2557.639893,122.970001,10.46,16.25,1.179454
10/17/2017,2559.360107,122.129997,10.49,16.09,1.177191
10/18/2017,2561.26001,121.669998,10.48,16.059999,1.179523
10/19/2017,2562.100098,122.389999,10.35,16.27,1.184806
10/23/2017,2564.97998,121.800003,10.42,16.139999,1.175917
10/24/2017,2569.129883,121.330002,10.54,16.02,1.175903
10/25/2017,2557.149902,121.349998,10.48,16.01,1.182075
10/26/2017,2560.399902,120.330002,10.57,15.85,1.163724
10/30/2017,2572.830078,121.129997,10.87,15.91,1.160456
10/31/2017,2575.26001,120.669998,10.93,15.79,1.16527
11/01/2017,2579.360107,121.110001,10.9,16.18,1.165175
11/02/2017,2579.850098,121.190002,10.99,16.17,1.162872
11/03/2017,2587.840088,120.620003,11.18,15.92,1.166181
11/06/2017,2591.129883,121.650002,11.51,16.27,1.161494
11/07/2017,2590.639893,121.209999,11.49,16.01,1.161265
11/08/2017,2594.379883,121.629997,11.41,16.059999,1.160106
11/09/2017,2584.620117,122.129997,11.46,16.07,1.159689
11/10/2017,2582.300049,121.129997,11.42,15.95,1.164687
11/13/2017,2584.840088,121.309998,11.38,16.09,1.166113
11/14/2017,2578.870117,121.559998,11.13,16.08,1.166494
11/15/2017,2564.620117,121.410004,11.09,16.030001,1.179287
11/20/2017,2582.139893,121.309998,11.28,15.98,1.173186
11/21/2017,2599.030029,121.510002,11.4,16.01,1.174122
11/22/2017,2597.080078,122.629997,11.6,16.17,1.173723
11/24/2017,2602.419922,122.32,11.79,16.08,1.185396
11/27/2017,2601.419922,122.830002,11.59,16.1,1.192649
11/28/2017,2627.040039,122.809998,11.58,15.91,1.19049
11/29/2017,2626.070068,122.040001,11.47,15.64,1.184806
11/30/2017,2647.580078,121.099998,11.47,15.51,1.185199
12/01/2017,2642.219971,121.589996,11.67,15.53,1.189825
12/04/2017,2639.439941,121.18,11.49,15.44,1.185986
12/05/2017,2629.570068,120.32,11.54,15.23,1.186775
12/06/2017,2629.27002,120.07,11.2,15.1,1.183292
12/07/2017,2636.97998,118.489998,11.33,14.87,1.180429
12/08/2017,2651.5,118.480003,11.49,14.96,1.177218
12/11/2017,2659.98999,118.010002,11.6,14.85,1.176997
12/12/2017,2664.110107,118.150002,11.44,14.86,1.177759
12/13/2017,2662.850098,119.169998,11.33,15.15,1.17426
12/14/2017,2652.01001,118.93,11.43,15.02,1.183586
12/15/2017,2675.810059,119.18,11.46,15.15,1.177496
12/18/2017,2690.159912,119.730003,11.44,15.22,1.174357
12/19/2017,2681.469971,119.82,11.51,15.22,1.178425
12/20/2017,2679.25,120.139999,11.61,15.25,1.184133
12/21/2017,2684.570068,120.309998,11.64,15.22,1.187818
12/22/2017,2683.340088,120.940002,11.66,15.4,1.185733
12/26/2017,2680.5,121.769997,11.95,15.59,1.187254
12/27/2017,2682.620117,122.230003,11.92,15.73,1.185789
12/28/2017,2687.540039,122.849998,11.97,15.88,1.190079
12/29/2017,2673.610107,123.650002,12.01,15.99,1.194172
01/02/2018,2695.810059,125.150002,12.07,16.209999,1.201158
01/03/2018,2713.060059,124.82,12.34,16.17,1.206345
01/04/2018,2723.98999,125.459999,12.37,16.23,1.201043
01/05/2018,2743.149902,125.330002,12.31,16.219999,1.206884
01/08/2018,2747.709961,125.309998,12.38,16.15,1.203746
01/09/2018,2751.290039,124.730003,12.57,16.030001,1.197046
01/10/2018,2748.22998,125.029999,12.68,16.02,1.192933
01/11/2018,2767.560059,125.440002,12.7,16.01,1.195614
01/12/2018,2786.23999,126.959999,12.87,16.27,1.20421
1/16/2018,2776.419922,127.169998,12.76,16.25,1.226843
1/17/2018,2802.560059,126.139999,12.78,16.059999,1.227129
1/18/2018,2798.030029,125.860001,12.76,15.97,1.218398
1/19/2018,2810.300049,126.419998,12.72,16.049999,1.223661
1/22/2018,2832.969971,126.650002,12.78,16.040001,1.22555
1/23/2018,2839.129883,127.279999,12.97,16.08,1.225625
1/24/2018,2837.540039,128.830002,13.22,16.559999,1.231027
1/25/2018,2839.25,127.970001,13.06,16.309999,1.239111
1/26/2018,2872.870117,128.070007,13.24,16.41,1.239234
1/29/2018,2853.530029,127.349998,13.11,16.209999,1.242807
1/30/2018,2822.429932,126.800003,12.9,16.15,1.238114
1/31/2018,2823.810059,127.650002,12.98,16.35,1.240957
02/01/2018,2821.97998,128.070007,13.24,16.25,1.241866
02/02/2018,2762.129883,126.389999,13.04,15.66,1.251001
02/05/2018,2648.939941,126.709999,12.77,15.74,1.244694
02/06/2018,2695.139893,125.379997,12.7,15.65,1.236782
02/07/2018,2681.659912,124.790001,12.37,15.41,1.238129
02/08/2018,2581,124.980003,12.09,15.46,1.226813
02/09/2018,2619.550049,124.769997,11.86,15.39,1.226076
02/12/2018,2656,125.370003,11.89,15.57,1.22528
2/13/2018,2662.939941,126.080002,11.87,15.62,1.230376
2/14/2018,2698.629883,128.229996,12.18,15.91,1.235376
2/15/2018,2731.199951,128.380005,12.33,15.91,1.246727
2/16/2018,2732.219971,127.959999,12.38,15.73,1.25036
2/20/2018,2716.26001,126.239998,12.39,15.54,1.239864
2/21/2018,2701.330078,125.660004,12.29,15.54,1.233532
2/22/2018,2703.959961,126.300003,12.59,15.66,1.228184
2/23/2018,2747.300049,126.139999,12.77,15.59,1.232666
2/26/2018,2779.600098,126.449997,12.86,15.68,1.228713
2/27/2018,2744.280029,125.129997,12.65,15.48,1.231557
2/28/2018,2713.830078,125,12.37,15.46,1.223032
03/01/2018,2677.669922,124.720001,12.35,15.54,1.219126
03/02/2018,2691.25,125.389999,12.37,15.56,1.227084
03/05/2018,2720.939941,125.18,12.59,15.49,1.231542
03/06/2018,2728.120117,126.529999,12.57,15.78,1.233654
03/07/2018,2726.800049,125.720001,12.35,15.53,1.241665
03/08/2018,2738.969971,125.419998,12.15,15.55,1.241465
03/09/2018,2786.570068,125.540001,12.47,15.63,1.230663
03/12/2018,2783.02002,125.540001,12.37,15.61,1.230875
3/13/2018,2765.310059,125.779999,12.24,15.61,1.233958
3/14/2018,2749.47998,125.699997,12.28,15.61,1.239234
3/15/2018,2747.330078,124.900002,12.34,15.45,1.237562
3/16/2018,2752.01001,124.599998,12.55,15.39,1.230921
3/19/2018,2712.919922,124.870003,12.55,15.39,1.228079
3/20/2018,2716.939941,124.309998,12.81,15.28,1.233685
3/21/2018,2711.929932,126.480003,13.18,15.65,1.22519
3/22/2018,2643.689941,125.980003,12.95,15.44,1.234766
3/23/2018,2588.26001,127.610001,13.28,15.58,1.232499
3/26/2018,2658.550049,128.279999,13.21,15.72,1.245749
3/27/2018,2612.620117,127.489998,13.08,15.57,1.240787
3/28/2018,2605,125.730003,13.04,15.36,1.231027
3/29/2018,2640.870117,125.790001,13.09,15.41,1.230285
04/02/2018,2581.879883,127.260002,12.74,15.65,1.229271
04/03/2018,2614.449951,126.300003,12.81,15.46,1.227853
04/04/2018,2644.689941,126.449997,12.82,15.38,1.228682
04/05/2018,2662.840088,125.800003,12.83,15.45,1.22516
04/09/2018,2613.159912,126.82,12.77,15.56,1.23224
04/10/2018,2656.870117,127.120003,13.25,15.62,1.236308
04/11/2018,2642.189941,128.110001,13.45,15.69,1.237164
04/12/2018,2663.98999,126.620003,13.52,15.52,1.23297
4/16/2018,2677.840088,127.629997,13.38,15.72,1.238513
4/17/2018,2706.389893,127.75,13.41,15.8,1.237317
4/18/2018,2708.639893,127.849998,13.88,16.18,1.237915
4/19/2018,2693.129883,127.599998,13.77,16.26,1.234553
4/23/2018,2670.290039,125.620003,13.92,15.67,1.220897
4/24/2018,2634.560059,126.230003,13.68,15.76,1.22414
4/25/2018,2639.399902,125.410004,13.72,15.61,1.217167
4/26/2018,2666.939941,124.970001,13.77,15.58,1.210962
4/30/2018,2648.050049,124.589996,13.8,15.38,1.208123
05/01/2018,2654.800049,123.709999,13.61,15.24,1.199156
05/02/2018,2635.669922,123.650002,13.67,15.42,1.1951
05/03/2018,2629.72998,124.279999,13.82,15.46,1.198926
05/07/2018,2672.629883,124.57,14.1,15.52,1.193374
05/08/2018,2671.919922,124.589996,14.06,15.51,1.186789
05/09/2018,2697.790039,124.330002,14.37,15.53,1.184722
05/10/2018,2723.070068,125.18,14.41,15.74,1.191753
5/14/2018,2730.129883,124.489998,14.38,15.56,1.193118
5/16/2018,2725.780029,122.5438,14.4058,15.4542,1.182033
